{
  "kielce,poland": [
    50.8540285,
    20.6099157
  ],
  "katowice,poland": [
    50.2598987,
    19.0215852
  ]
}