{
  "kielce,poland": [
    50.8540285,
    20.6099157
  ],
  "katowice,poland": [
    50.2598987,
    19.0215852
  ],
  "zabrze,poland": [
    50.3086154,
    18.7863749
  ],
  "łódź,poland": [
    51.7687323,
    19.4569911
  ],
  "kraków,poland": [
    50.0469432,
    19.9971534
  ],
  "tarnobrzeg,poland": [
    50.5837775,
    21.7117863
  ]
}